Frame;CaptureTime;LogTime;HMDPosition;HMDRotation;GazeStatus;CombinedGazeForward;CombinedGazePosition;InterPupillaryDistanceInMM;LeftEyeStatus;LeftEyeForward;LeftEyePosition;LeftPupilIrisDiameterRatio;LeftPupilDiameterInMM;LeftIrisDiameterInMM;RightEyeStatus;RightEyeForward;RightEyePosition;RightPupilIrisDiameterRatio;RightPupilDiameterInMM;RightIrisDiameterInMM;FocusDistance;FocusStability
2411684;1000015682753718000;63854832531285;(0.000, 0.000, 0.000);(0.000, 0.000, 0.000, 1.000);VALID;(0.442, 0.138, 0.886);(0.000, 0.000, 0.000);61.400;VALID;(0.452, 0.139, 0.881);(-0.031, 0.000, 0.000);0.338;2.182;6.459;VALID;(0.443, 0.134, 0.886);(0.031, 0.000, 0.000);0.351;2.312;6.592;2;0
2411685;1000015682758728000;63854832531285;(0.000, 0.000, 0.000);(0.000, 0.000, 0.000, 1.000);VALID;(0.447, 0.138, 0.884);(0.000, 0.000, 0.000);61.400;VALID;(0.456, 0.143, 0.878);(-0.031, 0.000, 0.000);0.337;2.178;6.459;VALID;(0.449, 0.136, 0.883);(0.031, 0.000, 0.000);0.349;2.303;6.592;2;0
2411686;1000015682763709600;63854832531285;(0.000, 0.000, 0.000);(0.000, 0.000, 0.000, 1.000);VALID;(0.451, 0.139, 0.882);(0.000, 0.000, 0.000);61.400;VALID;(0.450, 0.150, 0.880);(-0.031, 0.000, 0.000);0.327;2.112;6.459;VALID;(0.452, 0.138, 0.881);(0.031, 0.000, 0.000);0.347;2.289;6.592;2;0
2411687;1000015682768713100;63854832531285;(0.000, 0.000, 0.000);(0.000, 0.000, 0.000, 1.000);VALID;(0.453, 0.140, 0.881);(0.000, 0.000, 0.000);61.400;VALID;(0.447, 0.154, 0.881);(-0.031, 0.000, 0.000);0.325;2.098;6.459;VALID;(0.454, 0.140, 0.880);(0.031, 0.000, 0.000);0.344;2.267;6.592;2;0
2411688;1000015682773725700;63854832531285;(0.000, 0.000, 0.000);(0.000, 0.000, 0.000, 1.000);VALID;(0.454, 0.142, 0.880);(0.000, 0.000, 0.000);61.400;VALID;(0.443, 0.156, 0.883);(-0.031, 0.000, 0.000);0.325;2.096;6.459;VALID;(0.455, 0.143, 0.879);(0.031, 0.000, 0.000);0.343;2.258;6.592;2;0
2411689;1000015682778743500;63854832531285;(0.000, 0.000, 0.000);(0.000, 0.000, 0.000, 1.000);VALID;(0.448, 0.157, 0.880);(0.000, 0.000, 0.000);61.400;VALID;(0.440, 0.158, 0.884);(-0.031, 0.000, 0.000);0.324;2.096;6.459;VALID;(0.448, 0.160, 0.880);(0.031, 0.000, 0.000);0.341;2.249;6.592;2;0
2411690;1000015682783760900;63854832531285;(0.000, 0.000, 0.000);(0.000, 0.000, 0.000, 1.000);VALID;(0.448, 0.159, 0.880);(0.000, 0.000, 0.000);61.400;VALID;(0.437, 0.161, 0.885);(-0.031, 0.000, 0.000);0.325;2.097;6.459;VALID;(0.448, 0.161, 0.879);(0.031, 0.000, 0.000);0.341;2.245;6.592;2;0
2411691;1000015682788824700;63854832531285;(0.000, 0.000, 0.000);(0.000, 0.000, 0.000, 1.000);VALID;(0.448, 0.160, 0.880);(0.000, 0.000, 0.000);61.400;VALID;(0.434, 0.164, 0.886);(-0.031, 0.000, 0.000);0.325;2.098;6.459;VALID;(0.448, 0.162, 0.879);(0.031, 0.000, 0.000);0.340;2.242;6.592;2;0
2411692;1000015682793829900;63854832531285;(0.000, 0.000, 0.000);(0.000, 0.000, 0.000, 1.000);VALID;(0.447, 0.160, 0.880);(0.000, 0.000, 0.000);61.400;VALID;(0.431, 0.166, 0.887);(-0.031, 0.000, 0.000);0.325;2.099;6.459;VALID;(0.447, 0.162, 0.880);(0.031, 0.000, 0.000);0.339;2.238;6.592;2;0
2411693;1000015682798822500;63854832531285;(0.000, 0.000, 0.000);(0.000, 0.000, 0.000, 1.000);VALID;(0.446, 0.160, 0.881);(0.000, 0.000, 0.000);61.400;VALID;(0.429, 0.168, 0.888);(-0.031, 0.000, 0.000);0.325;2.099;6.459;VALID;(0.445, 0.162, 0.881);(0.031, 0.000, 0.000);0.339;2.233;6.592;2;0
2411694;1000015682803827700;63854832531285;(0.000, 0.000, 0.000);(0.000, 0.000, 0.000, 1.000);VALID;(0.445, 0.159, 0.881);(0.000, 0.000, 0.000);61.400;VALID;(0.431, 0.167, 0.887);(-0.031, 0.000, 0.000);0.325;2.099;6.459;VALID;(0.444, 0.161, 0.881);(0.031, 0.000, 0.000);0.339;2.233;6.592;2;0
2411695;1000015682808839700;63854832531285;(0.000, 0.000, 0.000);(0.000, 0.000, 0.000, 1.000);VALID;(0.444, 0.159, 0.882);(0.000, 0.000, 0.000);61.400;VALID;(0.433, 0.166, 0.886);(-0.031, 0.000, 0.000);0.325;2.101;6.459;VALID;(0.442, 0.160, 0.883);(0.031, 0.000, 0.000);0.338;2.230;6.592;2;0
2411696;1000015682813844900;63854832531285;(0.000, 0.000, 0.000);(0.000, 0.000, 0.000, 1.000);VALID;(0.443, 0.159, 0.883);(0.000, 0.000, 0.000);61.400;VALID;(0.434, 0.165, 0.886);(-0.031, 0.000, 0.000);0.325;2.101;6.459;VALID;(0.440, 0.160, 0.883);(0.031, 0.000, 0.000);0.338;2.229;6.592;2;0
2411697;1000015682818843400;63854832531285;(0.000, 0.000, 0.000);(0.000, 0.000, 0.000, 1.000);VALID;(0.441, 0.158, 0.883);(0.000, 0.000, 0.000);61.400;VALID;(0.434, 0.164, 0.886);(-0.031, 0.000, 0.000);0.325;2.101;6.459;VALID;(0.438, 0.159, 0.885);(0.031, 0.000, 0.000);0.338;2.229;6.592;2;0
2411698;1000015682823848600;63854832531285;(0.000, 0.000, 0.000);(0.000, 0.000, 0.000, 1.000);VALID;(0.440, 0.158, 0.884);(0.000, 0.000, 0.000);61.400;VALID;(0.433, 0.164, 0.886);(-0.031, 0.000, 0.000);0.356;2.302;6.459;VALID;(0.437, 0.159, 0.885);(0.031, 0.000, 0.000);0.338;2.229;6.592;2;0
2411699;1000015682828858300;63854832531285;(0.000, 0.000, 0.000);(0.000, 0.000, 0.000, 1.000);VALID;(0.439, 0.157, 0.884);(0.000, 0.000, 0.000);61.400;VALID;(0.432, 0.163, 0.887);(-0.031, 0.000, 0.000);0.361;2.330;6.459;VALID;(0.436, 0.158, 0.886);(0.031, 0.000, 0.000);0.339;2.232;6.592;2;0
2411700;1000015682833906000;63854832531285;(0.000, 0.000, 0.000);(0.000, 0.000, 0.000, 1.000);VALID;(0.437, 0.156, 0.886);(0.000, 0.000, 0.000);61.400;VALID;(0.430, 0.162, 0.888);(-0.031, 0.000, 0.000);0.362;2.337;6.459;VALID;(0.432, 0.157, 0.888);(0.031, 0.000, 0.000);0.339;2.236;6.592;2;0
2411701;1000015682838915700;63854832531285;(0.000, 0.000, 0.000);(0.000, 0.000, 0.000, 1.000);VALID;(0.433, 0.157, 0.888);(0.000, 0.000, 0.000);61.400;VALID;(0.429, 0.162, 0.889);(-0.031, 0.000, 0.000);0.362;2.337;6.459;VALID;(0.428, 0.157, 0.890);(0.031, 0.000, 0.000);0.340;2.240;6.592;2;0
2411702;1000015682843925400;63854832531285;(0.000, 0.000, 0.000);(0.000, 0.000, 0.000, 1.000);VALID;(0.428, 0.157, 0.890);(0.000, 0.000, 0.000);61.400;VALID;(0.428, 0.162, 0.889);(-0.031, 0.000, 0.000);0.362;2.336;6.459;VALID;(0.423, 0.158, 0.892);(0.031, 0.000, 0.000);0.340;2.241;6.592;2;0
2411703;1000015682848963500;63854832531285;(0.000, 0.000, 0.000);(0.000, 0.000, 0.000, 1.000);VALID;(0.423, 0.157, 0.892);(0.000, 0.000, 0.000);61.400;VALID;(0.427, 0.161, 0.890);(-0.031, 0.000, 0.000);0.362;2.336;6.459;VALID;(0.418, 0.158, 0.895);(0.031, 0.000, 0.000);0.340;2.243;6.592;2;0
2411704;1000015682853987500;63854832531286;(0.000, 0.000, 0.000);(0.000, 0.000, 0.000, 1.000);VALID;(0.418, 0.157, 0.895);(0.000, 0.000, 0.000);61.400;VALID;(0.425, 0.160, 0.891);(-0.031, 0.000, 0.000);0.362;2.337;6.459;VALID;(0.411, 0.158, 0.898);(0.031, 0.000, 0.000);0.340;2.243;6.592;2;0
2411705;1000015682858997200;63854832531286;(0.000, 0.000, 0.000);(0.000, 0.000, 0.000, 1.000);VALID;(0.412, 0.157, 0.898);(0.000, 0.000, 0.000);61.400;VALID;(0.422, 0.159, 0.892);(-0.031, 0.000, 0.000);0.362;2.337;6.459;VALID;(0.404, 0.158, 0.901);(0.031, 0.000, 0.000);0.340;2.244;6.592;2;0
2411706;1000015682864009200;63854832531286;(0.000, 0.000, 0.000);(0.000, 0.000, 0.000, 1.000);VALID;(0.408, 0.158, 0.899);(0.000, 0.000, 0.000);61.400;VALID;(0.421, 0.158, 0.893);(-0.031, 0.000, 0.000);0.362;2.337;6.459;VALID;(0.399, 0.159, 0.903);(0.031, 0.000, 0.000);0.341;2.249;6.592;2;0
2411707;1000015682869021200;63854832531286;(0.000, 0.000, 0.000);(0.000, 0.000, 0.000, 1.000);VALID;(0.404, 0.158, 0.901);(0.000, 0.000, 0.000);61.400;VALID;(0.418, 0.159, 0.895);(-0.031, 0.000, 0.000);0.362;2.337;6.459;VALID;(0.395, 0.159, 0.905);(0.031, 0.000, 0.000);0.342;2.254;6.592;2;0
2411708;1000015682873992200;63854832531286;(0.000, 0.000, 0.000);(0.000, 0.000, 0.000, 1.000);VALID;(0.401, 0.158, 0.902);(0.000, 0.000, 0.000);61.400;VALID;(0.415, 0.159, 0.896);(-0.031, 0.000, 0.000);0.361;2.331;6.459;VALID;(0.392, 0.159, 0.906);(0.031, 0.000, 0.000);0.343;2.259;6.592;2;0
2411709;1000015682878982300;63854832531286;(0.000, 0.000, 0.000);(0.000, 0.000, 0.000, 1.000);VALID;(0.398, 0.159, 0.904);(0.000, 0.000, 0.000);61.400;VALID;(0.412, 0.159, 0.897);(-0.031, 0.000, 0.000);0.361;2.331;6.459;VALID;(0.388, 0.160, 0.908);(0.031, 0.000, 0.000);0.343;2.261;6.592;2;0
2411710;1000015682883994400;63854832531286;(0.000, 0.000, 0.000);(0.000, 0.000, 0.000, 1.000);VALID;(0.394, 0.159, 0.905);(0.000, 0.000, 0.000);61.400;VALID;(0.409, 0.159, 0.899);(-0.031, 0.000, 0.000);0.361;2.330;6.459;VALID;(0.383, 0.160, 0.910);(0.031, 0.000, 0.000);0.343;2.261;6.592;2;0
2411711;1000015682889045700;63854832531286;(0.000, 0.000, 0.000);(0.000, 0.000, 0.000, 1.000);VALID;(0.392, 0.159, 0.906);(0.000, 0.000, 0.000);61.400;VALID;(0.406, 0.160, 0.900);(-0.031, 0.000, 0.000);0.361;2.329;6.459;VALID;(0.381, 0.160, 0.910);(0.031, 0.000, 0.000);0.343;2.263;6.592;2;0
2411712;1000015682894038100;63854832531286;(0.000, 0.000, 0.000);(0.000, 0.000, 0.000, 1.000);VALID;(0.387, 0.160, 0.908);(0.000, 0.000, 0.000);61.400;VALID;(0.400, 0.161, 0.902);(-0.031, 0.000, 0.000);0.361;2.329;6.459;VALID;(0.379, 0.161, 0.911);(0.031, 0.000, 0.000);0.344;2.269;6.592;2;0
2411713;1000015682899049000;63854832531286;(0.000, 0.000, 0.000);(0.000, 0.000, 0.000, 1.000);VALID;(0.384, 0.160, 0.909);(0.000, 0.000, 0.000);61.400;VALID;(0.394, 0.161, 0.905);(-0.031, 0.000, 0.000);0.361;2.333;6.459;VALID;(0.377, 0.161, 0.912);(0.031, 0.000, 0.000);0.345;2.276;6.592;2;0
2411714;1000015682904073700;63854832531286;(0.000, 0.000, 0.000);(0.000, 0.000, 0.000, 1.000);VALID;(0.380, 0.161, 0.911);(0.000, 0.000, 0.000);61.400;VALID;(0.389, 0.162, 0.907);(-0.031, 0.000, 0.000);0.362;2.335;6.459;VALID;(0.374, 0.161, 0.913);(0.031, 0.000, 0.000);0.346;2.278;6.592;2;0
2411715;1000015682909084600;63854832531286;(0.000, 0.000, 0.000);(0.000, 0.000, 0.000, 1.000);VALID;(0.376, 0.161, 0.912);(0.000, 0.000, 0.000);61.400;VALID;(0.384, 0.162, 0.909);(-0.031, 0.000, 0.000);0.362;2.335;6.459;VALID;(0.371, 0.162, 0.915);(0.031, 0.000, 0.000);0.346;2.279;6.592;2;0
2411716;1000015682914094300;63854832531286;(0.000, 0.000, 0.000);(0.000, 0.000, 0.000, 1.000);VALID;(0.372, 0.161, 0.914);(0.000, 0.000, 0.000);61.400;VALID;(0.379, 0.162, 0.911);(-0.031, 0.000, 0.000);0.362;2.341;6.459;VALID;(0.368, 0.162, 0.916);(0.031, 0.000, 0.000);0.346;2.281;6.592;2;0
2411717;1000015682919105200;63854832531286;(0.000, 0.000, 0.000);(0.000, 0.000, 0.000, 1.000);VALID;(0.369, 0.162, 0.915);(0.000, 0.000, 0.000);61.400;VALID;(0.374, 0.163, 0.913);(-0.031, 0.000, 0.000);0.363;2.346;6.459;VALID;(0.365, 0.162, 0.917);(0.031, 0.000, 0.000);0.346;2.284;6.592;2;0
2411718;1000015682924114900;63854832531286;(0.000, 0.000, 0.000);(0.000, 0.000, 0.000, 1.000);VALID;(0.365, 0.162, 0.917);(0.000, 0.000, 0.000);61.400;VALID;(0.370, 0.163, 0.915);(-0.031, 0.000, 0.000);0.363;2.346;6.459;VALID;(0.362, 0.163, 0.918);(0.031, 0.000, 0.000);0.347;2.289;6.592;2;0
2411719;1000015682929124600;63854832531286;(0.000, 0.000, 0.000);(0.000, 0.000, 0.000, 1.000);VALID;(0.362, 0.163, 0.918);(0.000, 0.000, 0.000);61.400;VALID;(0.366, 0.164, 0.916);(-0.031, 0.000, 0.000);0.363;2.343;6.459;VALID;(0.359, 0.163, 0.919);(0.031, 0.000, 0.000);0.348;2.292;6.592;2;0
2411720;1000015682934121400;63854832531286;(0.000, 0.000, 0.000);(0.000, 0.000, 0.000, 1.000);VALID;(0.358, 0.164, 0.919);(0.000, 0.000, 0.000);61.400;VALID;(0.362, 0.164, 0.918);(-0.031, 0.000, 0.000);0.362;2.339;6.459;VALID;(0.356, 0.164, 0.920);(0.031, 0.000, 0.000);0.348;2.292;6.592;2;0
2411721;1000015682939131100;63854832531286;(0.000, 0.000, 0.000);(0.000, 0.000, 0.000, 1.000);VALID;(0.355, 0.164, 0.920);(0.000, 0.000, 0.000);61.400;VALID;(0.358, 0.165, 0.919);(-0.031, 0.000, 0.000);0.362;2.336;6.459;VALID;(0.353, 0.165, 0.921);(0.031, 0.000, 0.000);0.348;2.293;6.592;2;0
2411722;1000015682944135500;63854832531286;(0.000, 0.000, 0.000);(0.000, 0.000, 0.000, 1.000);VALID;(0.352, 0.167, 0.921);(0.000, 0.000, 0.000);61.400;VALID;(0.357, 0.166, 0.919);(-0.031, 0.000, 0.000);0.362;2.335;6.459;VALID;(0.348, 0.167, 0.923);(0.031, 0.000, 0.000);0.348;2.296;6.592;2;0
2411723;1000015682949156700;63854832531286;(0.000, 0.000, 0.000);(0.000, 0.000, 0.000, 1.000);VALID;(0.341, 0.171, 0.924);(0.000, 0.000, 0.000);61.400;VALID;(0.348, 0.169, 0.922);(-0.031, 0.000, 0.000);0.362;2.337;6.459;VALID;(0.334, 0.171, 0.927);(0.031, 0.000, 0.000);0.350;2.304;6.592;2;0
2411724;1000015682954196400;63854832531286;(0.000, 0.000, 0.000);(0.000, 0.000, 0.000, 1.000);VALID;(0.322, 0.175, 0.931);(0.000, 0.000, 0.000);61.400;VALID;(0.330, 0.173, 0.928);(-0.031, 0.000, 0.000);0.362;2.340;6.459;VALID;(0.314, 0.175, 0.933);(0.031, 0.000, 0.000);0.360;2.370;6.592;2;0
2411725;1000015682959200800;63854832531286;(0.000, 0.000, 0.000);(0.000, 0.000, 0.000, 1.000);VALID;(0.292, 0.180, 0.940);(0.000, 0.000, 0.000);61.400;VALID;(0.300, 0.178, 0.937);(-0.031, 0.000, 0.000);0.364;2.350;6.459;VALID;(0.283, 0.180, 0.942);(0.031, 0.000, 0.000);0.367;2.420;6.592;2;0
2411726;1000015682964246800;63854832531286;(0.000, 0.000, 0.000);(0.000, 0.000, 0.000, 1.000);VALID;(0.251, 0.188, 0.950);(0.000, 0.000, 0.000);61.400;VALID;(0.260, 0.185, 0.948);(-0.031, 0.000, 0.000);0.364;2.352;6.459;VALID;(0.242, 0.188, 0.952);(0.031, 0.000, 0.000);0.366;2.410;6.592;2;0
2411727;1000015682969251200;63854832531286;(0.000, 0.000, 0.000);(0.000, 0.000, 0.000, 1.000);VALID;(0.201, 0.198, 0.959);(0.000, 0.000, 0.000);61.400;VALID;(0.209, 0.196, 0.958);(-0.031, 0.000, 0.000);0.364;2.350;6.459;VALID;(0.194, 0.198, 0.961);(0.031, 0.000, 0.000);0.366;2.410;6.592;2;0
2411728;1000015682974255600;63854832531286;(0.000, 0.000, 0.000);(0.000, 0.000, 0.000, 1.000);VALID;(0.161, 0.209, 0.965);(0.000, 0.000, 0.000);61.400;VALID;(0.178, 0.206, 0.962);(-0.031, 0.000, 0.000);0.336;2.168;6.459;VALID;(0.145, 0.210, 0.967);(0.031, 0.000, 0.000);0.360;2.373;6.592;2;0
2411729;1000015682979257900;63854832531286;(0.000, 0.000, 0.000);(0.000, 0.000, 0.000, 1.000);VALID;(0.105, 0.223, 0.969);(0.000, 0.000, 0.000);61.400;VALID;(0.118, 0.221, 0.968);(-0.031, 0.000, 0.000);0.349;2.251;6.459;VALID;(0.093, 0.223, 0.970);(0.031, 0.000, 0.000);0.360;2.375;6.592;2;0
2411730;1000015682984259800;63854832531286;(0.000, 0.000, 0.000);(0.000, 0.000, 0.000, 1.000);VALID;(0.053, 0.239, 0.970);(0.000, 0.000, 0.000);61.400;VALID;(0.066, 0.237, 0.969);(-0.031, 0.000, 0.000);0.351;2.268;6.459;VALID;(0.041, 0.239, 0.970);(0.031, 0.000, 0.000);0.362;2.385;6.592;2;0
2411731;1000015682989262100;63854832531286;(0.000, 0.000, 0.000);(0.000, 0.000, 0.000, 1.000);VALID;(0.002, 0.253, 0.967);(0.000, 0.000, 0.000);61.400;VALID;(0.014, 0.252, 0.968);(-0.031, 0.000, 0.000);0.351;2.266;6.459;VALID;(-0.010, 0.253, 0.967);(0.031, 0.000, 0.000);0.358;2.362;6.592;2;0
2411732;1000015682994266500;63854832531286;(0.000, 0.000, 0.000);(0.000, 0.000, 0.000, 1.000);VALID;(-0.038, 0.257, 0.966);(0.000, 0.000, 0.000);61.400;VALID;(-0.018, 0.256, 0.966);(-0.031, 0.000, 0.000);0.329;2.123;6.459;VALID;(-0.059, 0.257, 0.965);(0.031, 0.000, 0.000);0.358;2.363;6.592;2;0
2411733;1000015682999314700;63854832531286;(0.000, 0.000, 0.000);(0.000, 0.000, 0.000, 1.000);VALID;(-0.085, 0.266, 0.960);(0.000, 0.000, 0.000);61.400;VALID;(-0.067, 0.266, 0.962);(-0.031, 0.000, 0.000);0.344;2.219;6.459;VALID;(-0.106, 0.265, 0.958);(0.031, 0.000, 0.000);0.359;2.364;6.592;2;0
2411734;1000015683004295300;63854832531286;(0.000, 0.000, 0.000);(0.000, 0.000, 0.000, 1.000);VALID;(-0.129, 0.273, 0.953);(0.000, 0.000, 0.000);61.400;VALID;(-0.110, 0.273, 0.956);(-0.031, 0.000, 0.000);0.345;2.229;6.459;VALID;(-0.150, 0.272, 0.951);(0.031, 0.000, 0.000);0.357;2.356;6.592;2;0
2411735;1000015683009297600;63854832531286;(0.000, 0.000, 0.000);(0.000, 0.000, 0.000, 1.000);VALID;(-0.167, 0.274, 0.947);(0.000, 0.000, 0.000);61.400;VALID;(-0.153, 0.275, 0.949);(-0.031, 0.000, 0.000);0.346;2.236;6.459;VALID;(-0.186, 0.274, 0.944);(0.031, 0.000, 0.000);0.355;2.339;6.592;2;0
2411736;1000015683014299900;63854832531286;(0.000, 0.000, 0.000);(0.000, 0.000, 0.000, 1.000);VALID;(-0.195, 0.279, 0.940);(0.000, 0.000, 0.000);61.400;VALID;(-0.189, 0.279, 0.942);(-0.031, 0.000, 0.000);0.343;2.217;6.459;VALID;(-0.276, 0.303, 0.912);(0.031, 0.000, 0.000);0.331;2.180;6.592;0.5916479;0
2411737;1000015683019307000;63854832531286;(0.000, 0.000, 0.000);(0.000, 0.000, 0.000, 1.000);VALID;(-0.217, 0.280, 0.935);(0.000, 0.000, 0.000);61.400;VALID;(-0.214, 0.280, 0.936);(-0.031, 0.000, 0.000);0.339;2.189;6.459;VALID;(-0.332, 0.324, 0.886);(0.031, 0.000, 0.000);0.325;2.140;6.592;0.3919026;0
2411738;1000015683024299900;63854832531286;(0.000, 0.000, 0.000);(0.000, 0.000, 0.000, 1.000);VALID;(-0.253, 0.277, 0.927);(0.000, 0.000, 0.000);61.400;VALID;(-0.253, 0.277, 0.927);(-0.031, 0.000, 0.000);0.336;2.173;6.459;VALID;(-0.372, 0.338, 0.865);(0.031, 0.000, 0.000);0.325;2.143;6.592;0.334162;0
2411739;1000015683029321500;63854832531286;(0.000, 0.000, 0.000);(0.000, 0.000, 0.000, 1.000);VALID;(-0.268, 0.376, 0.887);(0.000, 0.000, 0.000);61.400;VALID;(-0.268, 0.376, 0.887);(-0.031, 0.000, 0.000);0.325;2.097;6.459;VALID;(-0.399, 0.349, 0.848);(0.031, 0.000, 0.000);0.320;2.110;6.592;0.4119716;0
2411740;1000015683034309200;63854832531286;(0.000, 0.000, 0.000);(0.000, 0.000, 0.000, 1.000);VALID;(-0.305, 0.333, 0.892);(0.000, 0.000, 0.000);61.400;VALID;(-0.305, 0.333, 0.892);(-0.031, 0.000, 0.000);0.316;2.043;6.459;VALID;(-0.422, 0.359, 0.832);(0.031, 0.000, 0.000);0.313;2.061;6.592;0.3993997;0
2411741;1000015683039344900;63854832531286;(0.000, 0.000, 0.000);(0.000, 0.000, 0.000, 1.000);VALID;(-0.312, 0.313, 0.897);(0.000, 0.000, 0.000);61.400;VALID;(-0.313, 0.313, 0.897);(-0.031, 0.000, 0.000);0.317;2.046;6.459;VALID;(-0.439, 0.366, 0.821);(0.031, 0.000, 0.000);0.313;2.064;6.592;0.3155462;0
2411742;1000015683044381300;63854832531286;(0.000, 0.000, 0.000);(0.000, 0.000, 0.000, 1.000);VALID;(-0.320, 0.305, 0.897);(0.000, 0.000, 0.000);61.400;VALID;(-0.320, 0.305, 0.897);(-0.031, 0.000, 0.000);0.319;2.061;6.459;VALID;(-0.452, 0.370, 0.812);(0.031, 0.000, 0.000);0.314;2.072;6.592;0.2785519;0
2411743;1000015683049386200;63854832531286;(0.000, 0.000, 0.000);(0.000, 0.000, 0.000, 1.000);VALID;(-0.326, 0.299, 0.897);(0.000, 0.000, 0.000);61.400;VALID;(-0.326, 0.299, 0.897);(-0.031, 0.000, 0.000);0.319;2.059;6.459;VALID;(-0.467, 0.366, 0.805);(0.031, 0.000, 0.000);0.300;1.979;6.592;0.262258;0
2411744;1000015683054451900;63854832531286;(0.000, 0.000, 0.000);(0.000, 0.000, 0.000, 1.000);VALID;(-0.331, 0.295, 0.896);(0.000, 0.000, 0.000);61.400;VALID;(-0.331, 0.295, 0.896);(-0.031, 0.000, 0.000);0.318;2.055;6.459;VALID;(-0.475, 0.379, 0.794);(0.031, 0.000, 0.000);0.314;2.067;6.592;0.2305102;0
2411755;1000015683109527700;63854832531286;(0.000, 0.000, 0.000);(0.000, 0.000, 0.000, 1.000);INVALID;;;;INVALID;;;;;;INVALID;;;;;;;
2411757;1000015683119543600;63854832531286;(0.000, 0.000, 0.000);(0.000, 0.000, 0.000, 1.000);VALID;(-0.474, 0.273, 0.837);(0.000, 0.000, 0.000);61.400;INVALID;;;;;;VALID;(-0.523, 0.334, 0.785);(0.031, 0.000, 0.000);0.248;1.632;6.592;2;0
2411759;1000015683129673200;63854832531286;(0.000, 0.000, 0.000);(0.000, 0.000, 0.000, 1.000);VALID;(-0.535, 0.258, 0.804);(0.000, 0.000, 0.000);61.400;INVALID;;;;;;VALID;(-0.547, 0.315, 0.775);(0.031, 0.000, 0.000);0.248;1.633;6.592;2;0
2411760;1000015683134674500;63854832531286;(0.000, 0.000, 0.000);(0.000, 0.000, 0.000, 1.000);VALID;(-0.546, 0.245, 0.801);(0.000, 0.000, 0.000);61.400;VALID;(-0.540, 0.167, 0.825);(-0.031, 0.000, 0.000);0.306;1.975;6.459;VALID;(-0.558, 0.300, 0.774);(0.031, 0.000, 0.000);0.250;1.649;6.592;0.05121694;0
2411761;1000015683139651000;63854832531286;(0.000, 0.000, 0.000);(0.000, 0.000, 0.000, 1.000);VALID;(-0.555, 0.230, 0.799);(0.000, 0.000, 0.000);61.400;VALID;(-0.546, 0.182, 0.817);(-0.031, 0.000, 0.000);0.325;2.101;6.459;VALID;(-0.569, 0.273, 0.776);(0.031, 0.000, 0.000);0.242;1.594;6.592;0.1323013;0
2411762;1000015683144652300;63854832531286;(0.000, 0.000, 0.000);(0.000, 0.000, 0.000, 1.000);VALID;(-0.565, 0.227, 0.793);(0.000, 0.000, 0.000);61.400;VALID;(-0.452, 0.274, 0.849);(-0.031, 0.000, 0.000);0.330;2.128;6.459;VALID;(-0.584, 0.268, 0.766);(0.031, 0.000, 0.000);0.262;1.728;6.592;0.3337586;0
2411764;1000015683154660500;63854832531286;(0.000, 0.000, 0.000);(0.000, 0.000, 0.000, 1.000);VALID;(-0.565, 0.215, 0.797);(0.000, 0.000, 0.000);61.400;VALID;(-0.504, 0.253, 0.826);(-0.031, 0.000, 0.000);0.334;2.155;6.459;VALID;(-0.584, 0.240, 0.776);(0.031, 0.000, 0.000);0.281;1.855;6.592;0.5417579;0
2411765;1000015683159667400;63854832531287;(0.000, 0.000, 0.000);(0.000, 0.000, 0.000, 1.000);VALID;(-0.566, 0.201, 0.800);(0.000, 0.000, 0.000);61.400;VALID;(-0.527, 0.233, 0.817);(-0.031, 0.000, 0.000);0.339;2.191;6.459;VALID;(-0.585, 0.211, 0.783);(0.031, 0.000, 0.000);0.281;1.852;6.592;0.7113028;0
2411768;1000015683174760500;63854832531287;(0.000, 0.000, 0.000);(0.000, 0.000, 0.000, 1.000);VALID;(-0.569, 0.191, 0.800);(0.000, 0.000, 0.000);61.400;VALID;(-0.539, 0.217, 0.814);(-0.031, 0.000, 0.000);0.350;2.262;6.459;VALID;(-0.589, 0.193, 0.785);(0.031, 0.000, 0.000);0.293;1.933;6.592;0.7862415;0
2411769;1000015683179774500;63854832531287;(0.000, 0.000, 0.000);(0.000, 0.000, 0.000, 1.000);VALID;(-0.571, 0.184, 0.800);(0.000, 0.000, 0.000);61.400;VALID;(-0.546, 0.204, 0.812);(-0.031, 0.000, 0.000);0.355;2.293;6.459;VALID;(-0.591, 0.181, 0.786);(0.031, 0.000, 0.000);0.295;1.944;6.592;0.8552519;0
2411770;1000015683184793700;63854832531287;(0.000, 0.000, 0.000);(0.000, 0.000, 0.000, 1.000);VALID;(-0.584, 0.183, 0.791);(0.000, 0.000, 0.000);61.400;VALID;(-0.553, 0.194, 0.810);(-0.031, 0.000, 0.000);0.358;2.314;6.459;VALID;(-0.612, 0.184, 0.769);(0.031, 0.000, 0.000);0.331;2.183;6.592;0.6832228;0
2412941;1000015689054038800;63854832537579;(-0.188, 1.469, 0.412);(0.014, 0.871, -0.048, -0.488);VALID;(-0.024, 0.119, 0.993);(0.000, 0.000, 0.000);61.400;VALID;(-0.010, 0.119, 0.993);(-0.031, 0.000, 0.000);0.306;1.976;6.459;VALID;(-0.037, 0.119, 0.992);(0.031, 0.000, 0.000);0.295;1.943;6.592;2;0
2412942;1000015689059051600;63854832537579;(-0.188, 1.469, 0.412);(0.014, 0.871, -0.048, -0.488);VALID;(-0.020, 0.121, 0.992);(0.000, 0.000, 0.000);61.400;VALID;(-0.007, 0.121, 0.993);(-0.031, 0.000, 0.000);0.306;1.974;6.459;VALID;(-0.034, 0.121, 0.992);(0.031, 0.000, 0.000);0.294;1.941;6.592;2;0
2412943;1000015689064063300;63854832537579;(-0.188, 1.469, 0.412);(0.014, 0.871, -0.048, -0.488);VALID;(-0.018, 0.122, 0.992);(0.000, 0.000, 0.000);61.400;VALID;(-0.004, 0.122, 0.993);(-0.031, 0.000, 0.000);0.305;1.971;6.459;VALID;(-0.031, 0.122, 0.992);(0.031, 0.000, 0.000);0.294;1.936;6.592;2;0
2412944;1000015689069097200;63854832537579;(-0.188, 1.469, 0.412);(0.014, 0.871, -0.048, -0.488);VALID;(-0.016, 0.123, 0.992);(0.000, 0.000, 0.000);61.400;VALID;(-0.003, 0.123, 0.992);(-0.031, 0.000, 0.000);0.305;1.968;6.459;VALID;(-0.029, 0.123, 0.992);(0.031, 0.000, 0.000);0.293;1.931;6.592;2;0
2412945;1000015689074108900;63854832537579;(-0.188, 1.469, 0.412);(0.014, 0.871, -0.048, -0.488);VALID;(-0.016, 0.124, 0.992);(0.000, 0.000, 0.000);61.400;VALID;(-0.002, 0.124, 0.992);(-0.031, 0.000, 0.000);0.304;1.965;6.459;VALID;(-0.029, 0.124, 0.992);(0.031, 0.000, 0.000);0.292;1.926;6.592;2;0
2412946;1000015689079145100;63854832537579;(-0.188, 1.469, 0.412);(0.014, 0.871, -0.048, -0.488);VALID;(-0.015, 0.125, 0.992);(0.000, 0.000, 0.000);61.400;VALID;(-0.002, 0.125, 0.992);(-0.031, 0.000, 0.000);0.303;1.960;6.459;VALID;(-0.029, 0.125, 0.992);(0.031, 0.000, 0.000);0.291;1.919;6.592;2;0
2412947;1000015689084148700;63854832537579;(-0.188, 1.469, 0.412);(0.014, 0.871, -0.048, -0.488);VALID;(-0.015, 0.126, 0.992);(0.000, 0.000, 0.000);61.400;VALID;(-0.001, 0.126, 0.992);(-0.031, 0.000, 0.000);0.303;1.954;6.459;VALID;(-0.028, 0.126, 0.992);(0.031, 0.000, 0.000);0.290;1.913;6.592;2;0
2412948;1000015689089146700;63854832537579;(-0.188, 1.469, 0.412);(0.014, 0.871, -0.048, -0.488);VALID;(-0.014, 0.127, 0.992);(0.000, 0.000, 0.000);61.400;VALID;(0.000, 0.127, 0.992);(-0.031, 0.000, 0.000);0.302;1.949;6.459;VALID;(-0.027, 0.127, 0.992);(0.031, 0.000, 0.000);0.289;1.907;6.592;2;0
2412949;1000015689094158400;63854832537579;(-0.188, 1.469, 0.412);(0.014, 0.871, -0.048, -0.488);VALID;(-0.013, 0.127, 0.992);(0.000, 0.000, 0.000);61.400;VALID;(0.001, 0.127, 0.992);(-0.031, 0.000, 0.000);0.301;1.945;6.459;VALID;(-0.026, 0.127, 0.992);(0.031, 0.000, 0.000);0.288;1.901;6.592;2;0
2412950;1000015689099149200;63854832537579;(-0.188, 1.469, 0.412);(0.014, 0.871, -0.048, -0.488);VALID;(-0.012, 0.128, 0.992);(0.000, 0.000, 0.000);61.400;VALID;(0.001, 0.128, 0.992);(-0.031, 0.000, 0.000);0.300;1.940;6.459;VALID;(-0.025, 0.128, 0.991);(0.031, 0.000, 0.000);0.288;1.896;6.592;2;0
2412951;1000015689104151500;63854832537579;(-0.188, 1.469, 0.412);(0.014, 0.871, -0.048, -0.488);VALID;(-0.012, 0.129, 0.992);(0.000, 0.000, 0.000);61.400;VALID;(0.002, 0.129, 0.992);(-0.031, 0.000, 0.000);0.300;1.936;6.459;VALID;(-0.025, 0.129, 0.991);(0.031, 0.000, 0.000);0.287;1.892;6.592;2;0
2412952;1000015689109158500;63854832537579;(-0.188, 1.469, 0.412);(0.014, 0.871, -0.048, -0.488);VALID;(-0.011, 0.130, 0.991);(0.000, 0.000, 0.000);61.400;VALID;(0.002, 0.130, 0.992);(-0.031, 0.000, 0.000);0.299;1.932;6.459;VALID;(-0.024, 0.130, 0.991);(0.031, 0.000, 0.000);0.286;1.888;6.592;2;0
2412953;1000015689114175200;63854832537579;(-0.188, 1.469, 0.412);(0.014, 0.871, -0.048, -0.488);VALID;(-0.010, 0.131, 0.991);(0.000, 0.000, 0.000);61.400;VALID;(0.004, 0.131, 0.991);(-0.031, 0.000, 0.000);0.298;1.926;6.459;VALID;(-0.023, 0.131, 0.991);(0.031, 0.000, 0.000);0.286;1.883;6.592;2;0
2412954;1000015689119181600;63854832537579;(-0.188, 1.469, 0.412);(0.014, 0.871, -0.048, -0.488);VALID;(-0.009, 0.132, 0.991);(0.000, 0.000, 0.000);61.400;VALID;(0.005, 0.132, 0.991);(-0.031, 0.000, 0.000);0.297;1.921;6.459;VALID;(-0.023, 0.132, 0.991);(0.031, 0.000, 0.000);0.285;1.879;6.592;2;0.2788695
2412955;1000015689124254500;63854832537580;(-0.188, 1.469, 0.412);(0.014, 0.871, -0.048, -0.488);VALID;(-0.008, 0.133, 0.991);(0.000, 0.000, 0.000);61.400;VALID;(0.006, 0.133, 0.991);(-0.031, 0.000, 0.000);0.297;1.916;6.459;VALID;(-0.023, 0.133, 0.991);(0.031, 0.000, 0.000);0.284;1.875;6.592;2;0.6281113
2412956;1000015689129261500;63854832537580;(-0.188, 1.469, 0.412);(0.014, 0.871, -0.048, -0.488);VALID;(-0.008, 0.133, 0.991);(0.000, 0.000, 0.000);61.400;VALID;(0.007, 0.133, 0.991);(-0.031, 0.000, 0.000);0.296;1.912;6.459;VALID;(-0.022, 0.133, 0.991);(0.031, 0.000, 0.000);0.284;1.870;6.592;2;0.7308236
2412957;1000015689134273200;63854832537580;(-0.188, 1.469, 0.412);(0.014, 0.871, -0.048, -0.488);VALID;(-0.007, 0.134, 0.991);(0.000, 0.000, 0.000);61.400;VALID;(0.008, 0.134, 0.991);(-0.031, 0.000, 0.000);0.296;1.909;6.459;VALID;(-0.022, 0.134, 0.991);(0.031, 0.000, 0.000);0.283;1.867;6.592;2;0.775445
2412958;1000015689139280200;63854832537580;(-0.188, 1.469, 0.412);(0.014, 0.871, -0.048, -0.488);VALID;(-0.006, 0.134, 0.991);(0.000, 0.000, 0.000);61.400;VALID;(0.009, 0.134, 0.991);(-0.031, 0.000, 0.000);0.295;1.906;6.459;VALID;(-0.021, 0.134, 0.991);(0.031, 0.000, 0.000);0.283;1.863;6.592;2;0.7743431
2412959;1000015689144277800;63854832537580;(-0.188, 1.469, 0.412);(0.014, 0.871, -0.048, -0.488);VALID;(-0.006, 0.133, 0.991);(0.000, 0.000, 0.000);61.400;VALID;(0.009, 0.133, 0.991);(-0.031, 0.000, 0.000);0.295;1.903;6.459;VALID;(-0.021, 0.133, 0.991);(0.031, 0.000, 0.000);0.282;1.860;6.592;2;0.8108767
2412960;1000015689149284800;63854832537580;(-0.188, 1.469, 0.412);(0.014, 0.871, -0.048, -0.488);VALID;(-0.006, 0.132, 0.991);(0.000, 0.000, 0.000);61.400;VALID;(0.009, 0.132, 0.991);(-0.031, 0.000, 0.000);0.294;1.900;6.459;VALID;(-0.020, 0.132, 0.991);(0.031, 0.000, 0.000);0.282;1.856;6.592;2;0.7688924
2412961;1000015689154296200;63854832537580;(-0.188, 1.469, 0.412);(0.014, 0.871, -0.048, -0.488);VALID;(-0.005, 0.132, 0.991);(0.000, 0.000, 0.000);61.400;VALID;(0.009, 0.132, 0.991);(-0.031, 0.000, 0.000);0.294;1.897;6.459;VALID;(-0.020, 0.132, 0.991);(0.031, 0.000, 0.000);0.281;1.853;6.592;2;0.7679213
2412962;1000015689159304900;63854832537580;(-0.188, 1.469, 0.412);(0.014, 0.871, -0.048, -0.488);VALID;(-0.005, 0.131, 0.991);(0.000, 0.000, 0.000);61.400;VALID;(0.009, 0.131, 0.991);(-0.031, 0.000, 0.000);0.293;1.894;6.459;VALID;(-0.020, 0.131, 0.991);(0.031, 0.000, 0.000);0.281;1.850;6.592;2;0.7618234
2412963;1000015689164313600;63854832537580;(-0.188, 1.469, 0.412);(0.014, 0.871, -0.048, -0.488);VALID;(-0.006, 0.131, 0.991);(0.000, 0.000, 0.000);61.400;VALID;(0.009, 0.131, 0.991);(-0.031, 0.000, 0.000);0.293;1.892;6.459;VALID;(-0.020, 0.131, 0.991);(0.031, 0.000, 0.000);0.280;1.847;6.592;2;0.6939212
2412964;1000015689169337000;63854832537580;(-0.188, 1.469, 0.412);(0.014, 0.871, -0.048, -0.488);VALID;(-0.006, 0.132, 0.991);(0.000, 0.000, 0.000);61.400;VALID;(0.009, 0.132, 0.991);(-0.031, 0.000, 0.000);0.292;1.888;6.459;VALID;(-0.020, 0.132, 0.991);(0.031, 0.000, 0.000);0.280;1.845;6.592;2;0.70082
2412965;1000015689174348700;63854832537580;(-0.188, 1.469, 0.412);(0.014, 0.871, -0.048, -0.488);VALID;(-0.006, 0.132, 0.991);(0.000, 0.000, 0.000);61.400;VALID;(0.009, 0.132, 0.991);(-0.031, 0.000, 0.000);0.292;1.885;6.459;VALID;(-0.020, 0.132, 0.991);(0.031, 0.000, 0.000);0.279;1.842;6.592;2;0.6876917
2412966;1000015689179375800;63854832537580;(-0.188, 1.469, 0.412);(0.014, 0.871, -0.048, -0.488);VALID;(-0.006, 0.133, 0.991);(0.000, 0.000, 0.000);61.400;VALID;(0.008, 0.133, 0.991);(-0.031, 0.000, 0.000);0.292;1.883;6.459;VALID;(-0.021, 0.133, 0.991);(0.031, 0.000, 0.000);0.279;1.839;6.592;2;0.6923816
2412967;1000015689184384500;63854832537580;(-0.188, 1.469, 0.412);(0.014, 0.871, -0.048, -0.488);VALID;(-0.006, 0.133, 0.991);(0.000, 0.000, 0.000);61.400;VALID;(0.008, 0.133, 0.991);(-0.031, 0.000, 0.000);0.291;1.880;6.459;VALID;(-0.021, 0.133, 0.991);(0.031, 0.000, 0.000);0.279;1.836;6.592;2;0.7081332
2412968;1000015689189403700;63854832537580;(-0.188, 1.469, 0.412);(0.014, 0.871, -0.048, -0.488);VALID;(-0.007, 0.134, 0.991);(0.000, 0.000, 0.000);61.400;VALID;(0.008, 0.134, 0.991);(-0.031, 0.000, 0.000);0.291;1.878;6.459;VALID;(-0.021, 0.134, 0.991);(0.031, 0.000, 0.000);0.278;1.833;6.592;2;0.7124057
2412969;1000015689194431600;63854832537580;(-0.188, 1.469, 0.412);(0.014, 0.871, -0.048, -0.488);VALID;(-0.007, 0.134, 0.991);(0.000, 0.000, 0.000);61.400;VALID;(0.008, 0.134, 0.991);(-0.031, 0.000, 0.000);0.290;1.874;6.459;VALID;(-0.021, 0.134, 0.991);(0.031, 0.000, 0.000);0.278;1.831;6.592;2;0.7278253
2412970;1000015689199438700;63854832537580;(-0.188, 1.469, 0.412);(0.014, 0.871, -0.048, -0.488);VALID;(-0.007, 0.134, 0.991);(0.000, 0.000, 0.000);61.400;VALID;(0.008, 0.134, 0.991);(-0.031, 0.000, 0.000);0.290;1.872;6.459;VALID;(-0.021, 0.134, 0.991);(0.031, 0.000, 0.000);0.277;1.829;6.592;2;0.7333232
2412971;1000015689204422500;63854832537580;(-0.188, 1.469, 0.412);(0.014, 0.871, -0.048, -0.488);VALID;(-0.007, 0.134, 0.991);(0.000, 0.000, 0.000);61.400;VALID;(0.007, 0.134, 0.991);(-0.031, 0.000, 0.000);0.290;1.870;6.459;VALID;(-0.021, 0.134, 0.991);(0.031, 0.000, 0.000);0.277;1.827;6.592;2;0.7233221
2412972;1000015689209439800;63854832537580;(-0.188, 1.469, 0.412);(0.014, 0.871, -0.048, -0.488);VALID;(-0.007, 0.134, 0.991);(0.000, 0.000, 0.000);61.400;VALID;(0.007, 0.134, 0.991);(-0.031, 0.000, 0.000);0.289;1.868;6.459;VALID;(-0.021, 0.134, 0.991);(0.031, 0.000, 0.000);0.277;1.825;6.592;2;0.7385103
2412973;1000015689214464200;63854832537580;(-0.188, 1.469, 0.412);(0.014, 0.871, -0.048, -0.488);VALID;(-0.007, 0.134, 0.991);(0.000, 0.000, 0.000);61.400;VALID;(0.007, 0.134, 0.991);(-0.031, 0.000, 0.000);0.289;1.866;6.459;VALID;(-0.022, 0.134, 0.991);(0.031, 0.000, 0.000);0.277;1.823;6.592;2;0.7540197
2412974;1000015689219472900;63854832537580;(-0.188, 1.469, 0.412);(0.014, 0.871, -0.048, -0.488);VALID;(-0.007, 0.134, 0.991);(0.000, 0.000, 0.000);61.400;VALID;(0.008, 0.134, 0.991);(-0.031, 0.000, 0.000);0.289;1.865;6.459;VALID;(-0.021, 0.134, 0.991);(0.031, 0.000, 0.000);0.276;1.822;6.592;2;0.7275734
2412975;1000015689224460300;63854832537580;(-0.188, 1.469, 0.412);(0.014, 0.871, -0.048, -0.488);VALID;(-0.007, 0.134, 0.991);(0.000, 0.000, 0.000);61.400;VALID;(0.007, 0.134, 0.991);(-0.031, 0.000, 0.000);0.289;1.864;6.459;VALID;(-0.021, 0.134, 0.991);(0.031, 0.000, 0.000);0.276;1.821;6.592;2;0.6876691
2412976;1000015689229472500;63854832537580;(-0.188, 1.469, 0.412);(0.014, 0.871, -0.048, -0.488);VALID;(-0.007, 0.133, 0.991);(0.000, 0.000, 0.000);61.400;VALID;(0.007, 0.133, 0.991);(-0.031, 0.000, 0.000);0.288;1.863;6.459;VALID;(-0.021, 0.133, 0.991);(0.031, 0.000, 0.000);0.276;1.820;6.592;2;0.6762102
2412977;1000015689234518900;63854832537580;(-0.188, 1.469, 0.412);(0.014, 0.871, -0.048, -0.488);VALID;(-0.007, 0.133, 0.991);(0.000, 0.000, 0.000);61.400;VALID;(0.008, 0.133, 0.991);(-0.031, 0.000, 0.000);0.288;1.862;6.459;VALID;(-0.021, 0.133, 0.991);(0.031, 0.000, 0.000);0.276;1.819;6.592;2;0.6786346
2412978;1000015689239527900;63854832537580;(-0.188, 1.469, 0.412);(0.014, 0.871, -0.048, -0.488);VALID;(-0.006, 0.133, 0.991);(0.000, 0.000, 0.000);61.400;VALID;(0.008, 0.133, 0.991);(-0.031, 0.000, 0.000);0.288;1.861;6.459;VALID;(-0.020, 0.133, 0.991);(0.031, 0.000, 0.000);0.276;1.818;6.592;2;0.7035267
2412979;1000015689244538500;63854832537580;(-0.188, 1.469, 0.412);(0.014, 0.871, -0.048, -0.488);VALID;(-0.006, 0.132, 0.991);(0.000, 0.000, 0.000);61.400;VALID;(0.008, 0.132, 0.991);(-0.031, 0.000, 0.000);0.288;1.859;6.459;VALID;(-0.020, 0.132, 0.991);(0.031, 0.000, 0.000);0.276;1.817;6.592;2;0.7430519
2412980;1000015689249571200;63854832537580;(-0.188, 1.469, 0.412);(0.014, 0.871, -0.048, -0.488);VALID;(-0.006, 0.132, 0.991);(0.000, 0.000, 0.000);61.400;VALID;(0.008, 0.132, 0.991);(-0.031, 0.000, 0.000);0.288;1.857;6.459;VALID;(-0.020, 0.132, 0.991);(0.031, 0.000, 0.000);0.276;1.817;6.592;2;0.7556334
2412981;1000015689254581800;63854832537580;(-0.188, 1.469, 0.412);(0.014, 0.871, -0.048, -0.488);VALID;(-0.006, 0.132, 0.991);(0.000, 0.000, 0.000);61.400;VALID;(0.008, 0.132, 0.991);(-0.031, 0.000, 0.000);0.287;1.856;6.459;VALID;(-0.019, 0.132, 0.991);(0.031, 0.000, 0.000);0.276;1.816;6.592;2;0.7536421
2412982;1000015689259590800;63854832537580;(-0.188, 1.469, 0.412);(0.014, 0.871, -0.048, -0.488);VALID;(-0.006, 0.131, 0.991);(0.000, 0.000, 0.000);61.400;VALID;(0.008, 0.131, 0.991);(-0.031, 0.000, 0.000);0.287;1.854;6.459;VALID;(-0.019, 0.131, 0.991);(0.031, 0.000, 0.000);0.275;1.816;6.592;2;0.8243887
2412983;1000015689264601400;63854832537580;(-0.188, 1.469, 0.412);(0.014, 0.871, -0.048, -0.488);VALID;(-0.006, 0.131, 0.991);(0.000, 0.000, 0.000);61.400;VALID;(0.008, 0.131, 0.991);(-0.031, 0.000, 0.000);0.287;1.853;6.459;VALID;(-0.019, 0.131, 0.991);(0.031, 0.000, 0.000);0.275;1.815;6.592;2;0.8575765
2412984;1000015689269653300;63854832537581;(-0.188, 1.469, 0.412);(0.014, 0.871, -0.048, -0.488);VALID;(-0.005, 0.130, 0.991);(0.000, 0.000, 0.000);61.400;VALID;(0.008, 0.130, 0.991);(-0.031, 0.000, 0.000);0.287;1.852;6.459;VALID;(-0.018, 0.130, 0.991);(0.031, 0.000, 0.000);0.275;1.815;6.592;2;0.8656998
2412985;1000015689274651500;63854832537581;(-0.188, 1.469, 0.412);(0.014, 0.871, -0.048, -0.488);VALID;(-0.005, 0.130, 0.992);(0.000, 0.000, 0.000);61.400;VALID;(0.007, 0.130, 0.992);(-0.031, 0.000, 0.000);0.287;1.851;6.459;VALID;(-0.018, 0.130, 0.991);(0.031, 0.000, 0.000);0.275;1.814;6.592;2;0.8707727
2412986;1000015689279662100;63854832537581;(-0.188, 1.469, 0.412);(0.014, 0.871, -0.048, -0.488);VALID;(-0.005, 0.130, 0.992);(0.000, 0.000, 0.000);61.400;VALID;(0.007, 0.130, 0.992);(-0.031, 0.000, 0.000);0.286;1.850;6.459;VALID;(-0.017, 0.130, 0.991);(0.031, 0.000, 0.000);0.275;1.813;6.592;2;0.819698
2412987;1000015689284672700;63854832537581;(-0.188, 1.469, 0.412);(0.014, 0.871, -0.048, -0.488);VALID;(-0.005, 0.130, 0.991);(0.000, 0.000, 0.000);61.400;VALID;(0.008, 0.130, 0.991);(-0.031, 0.000, 0.000);0.286;1.850;6.459;VALID;(-0.017, 0.130, 0.991);(0.031, 0.000, 0.000);0.275;1.812;6.592;2;0.7346843
2412988;1000015689289683300;63854832537581;(-0.188, 1.469, 0.412);(0.014, 0.871, -0.048, -0.488);VALID;(-0.005, 0.130, 0.991);(0.000, 0.000, 0.000);61.400;VALID;(0.008, 0.130, 0.991);(-0.031, 0.000, 0.000);0.286;1.849;6.459;VALID;(-0.017, 0.130, 0.991);(0.031, 0.000, 0.000);0.275;1.811;6.592;2;0.6726292
2412989;1000015689294692300;63854832537581;(-0.188, 1.469, 0.412);(0.014, 0.871, -0.048, -0.488);VALID;(-0.005, 0.131, 0.991);(0.000, 0.000, 0.000);61.400;VALID;(0.008, 0.131, 0.991);(-0.031, 0.000, 0.000);0.286;1.848;6.459;VALID;(-0.017, 0.131, 0.991);(0.031, 0.000, 0.000);0.275;1.810;6.592;2;0.6369341
2412990;1000015689299660800;63854832537581;(-0.188, 1.469, 0.412);(0.014, 0.871, -0.048, -0.488);VALID;(-0.005, 0.131, 0.991);(0.000, 0.000, 0.000);61.400;VALID;(0.008, 0.131, 0.991);(-0.031, 0.000, 0.000);0.286;1.846;6.459;VALID;(-0.017, 0.131, 0.991);(0.031, 0.000, 0.000);0.275;1.810;6.592;2;0.6558373
2412991;1000015689304669800;63854832537581;(-0.188, 1.469, 0.412);(0.014, 0.871, -0.048, -0.488);VALID;(-0.004, 0.132, 0.991);(0.000, 0.000, 0.000);61.400;VALID;(0.008, 0.132, 0.991);(-0.031, 0.000, 0.000);0.286;1.845;6.459;VALID;(-0.017, 0.132, 0.991);(0.031, 0.000, 0.000);0.274;1.809;6.592;2;0.6585817
2412992;1000015689309680400;63854832537581;(-0.188, 1.469, 0.412);(0.014, 0.871, -0.048, -0.488);VALID;(-0.004, 0.132, 0.991);(0.000, 0.000, 0.000);61.400;VALID;(0.008, 0.132, 0.991);(-0.031, 0.000, 0.000);0.286;1.844;6.459;VALID;(-0.017, 0.132, 0.991);(0.031, 0.000, 0.000);0.274;1.809;6.592;2;0.6326855
2412993;1000015689314689400;63854832537581;(-0.188, 1.469, 0.412);(0.014, 0.871, -0.048, -0.488);VALID;(-0.004, 0.132, 0.991);(0.000, 0.000, 0.000);61.400;VALID;(0.008, 0.132, 0.991);(-0.031, 0.000, 0.000);0.285;1.843;6.459;VALID;(-0.017, 0.132, 0.991);(0.031, 0.000, 0.000);0.274;1.808;6.592;2;0.6294888
2412994;1000015689319700000;63854832537581;(-0.188, 1.469, 0.412);(0.014, 0.871, -0.048, -0.488);VALID;(-0.004, 0.132, 0.991);(0.000, 0.000, 0.000);61.400;VALID;(0.009, 0.132, 0.991);(-0.031, 0.000, 0.000);0.285;1.842;6.459;VALID;(-0.016, 0.132, 0.991);(0.031, 0.000, 0.000);0.274;1.808;6.592;2;0.6420584
2412995;1000015689324710600;63854832537581;(-0.188, 1.469, 0.412);(0.014, 0.871, -0.048, -0.488);VALID;(-0.004, 0.132, 0.991);(0.000, 0.000, 0.000);61.400;VALID;(0.009, 0.132, 0.991);(-0.031, 0.000, 0.000);0.285;1.842;6.459;VALID;(-0.016, 0.132, 0.991);(0.031, 0.000, 0.000);0.274;1.808;6.592;2;0.6548167
2412996;1000015689329690500;63854832537581;(-0.188, 1.469, 0.412);(0.014, 0.871, -0.048, -0.488);VALID;(-0.003, 0.132, 0.991);(0.000, 0.000, 0.000);61.400;VALID;(0.009, 0.132, 0.991);(-0.031, 0.000, 0.000);0.285;1.841;6.459;VALID;(-0.016, 0.132, 0.991);(0.031, 0.000, 0.000);0.274;1.808;6.592;2;0.6807454
2412997;1000015689334716300;63854832537581;(-0.188, 1.469, 0.412);(0.014, 0.871, -0.048, -0.488);VALID;(-0.003, 0.132, 0.991);(0.000, 0.000, 0.000);61.400;VALID;(0.009, 0.132, 0.991);(-0.031, 0.000, 0.000);0.285;1.840;6.459;VALID;(-0.015, 0.132, 0.991);(0.031, 0.000, 0.000);0.274;1.807;6.592;2;0.6822074
2412998;1000015689339726900;63854832537581;(-0.188, 1.469, 0.412);(0.014, 0.871, -0.048, -0.488);VALID;(-0.003, 0.132, 0.991);(0.000, 0.000, 0.000);61.400;VALID;(0.009, 0.132, 0.991);(-0.031, 0.000, 0.000);0.285;1.839;6.459;VALID;(-0.015, 0.132, 0.991);(0.031, 0.000, 0.000);0.274;1.807;6.592;2;0.6839597
2412999;1000015689344774700;63854832537581;(-0.188, 1.469, 0.412);(0.014, 0.871, -0.048, -0.488);VALID;(-0.002, 0.132, 0.991);(0.000, 0.000, 0.000);61.400;VALID;(0.010, 0.132, 0.991);(-0.031, 0.000, 0.000);0.285;1.839;6.459;VALID;(-0.014, 0.132, 0.991);(0.031, 0.000, 0.000);0.274;1.807;6.592;2;0.6858797
2413000;1000015689349794200;63854832537581;(-0.188, 1.469, 0.412);(0.014, 0.871, -0.048, -0.488);VALID;(-0.002, 0.132, 0.991);(0.000, 0.000, 0.000);61.400;VALID;(0.010, 0.132, 0.991);(-0.031, 0.000, 0.000);0.284;1.837;6.459;VALID;(-0.014, 0.132, 0.991);(0.031, 0.000, 0.000);0.274;1.807;6.592;2;0.6954114
2413001;1000015689354794700;63854832537581;(-0.188, 1.469, 0.412);(0.014, 0.871, -0.048, -0.488);VALID;(-0.002, 0.132, 0.991);(0.000, 0.000, 0.000);61.400;VALID;(0.010, 0.132, 0.991);(-0.031, 0.000, 0.000);0.284;1.836;6.459;VALID;(-0.014, 0.132, 0.991);(0.031, 0.000, 0.000);0.274;1.807;6.592;2;0.6791715
2413002;1000015689359804700;63854832537581;(-0.188, 1.469, 0.412);(0.014, 0.871, -0.048, -0.488);VALID;(-0.001, 0.132, 0.991);(0.000, 0.000, 0.000);61.400;VALID;(0.010, 0.132, 0.991);(-0.031, 0.000, 0.000);0.284;1.835;6.459;VALID;(-0.013, 0.132, 0.991);(0.031, 0.000, 0.000);0.274;1.807;6.592;2;0.6637029
2413003;1000015689364823500;63854832537581;(-0.188, 1.469, 0.412);(0.014, 0.871, -0.048, -0.488);VALID;(-0.001, 0.132, 0.991);(0.000, 0.000, 0.000);61.400;VALID;(0.011, 0.132, 0.991);(-0.031, 0.000, 0.000);0.284;1.834;6.459;VALID;(-0.013, 0.132, 0.991);(0.031, 0.000, 0.000);0.274;1.807;6.592;2;0.6572102
2413004;1000015689369833500;63854832537581;(-0.188, 1.469, 0.412);(0.014, 0.871, -0.048, -0.488);VALID;(-0.001, 0.133, 0.991);(0.000, 0.000, 0.000);61.400;VALID;(0.011, 0.133, 0.991);(-0.031, 0.000, 0.000);0.284;1.834;6.459;VALID;(-0.012, 0.133, 0.991);(0.031, 0.000, 0.000);0.274;1.807;6.592;2;0.6445206
2413005;1000015689374856000;63854832537581;(-0.188, 1.469, 0.412);(0.014, 0.871, -0.048, -0.488);VALID;(-0.001, 0.133, 0.991);(0.000, 0.000, 0.000);61.400;VALID;(0.011, 0.133, 0.991);(-0.031, 0.000, 0.000);0.284;1.833;6.459;VALID;(-0.012, 0.133, 0.991);(0.031, 0.000, 0.000);0.274;1.807;6.592;2;0.6719283
2413006;1000015689379877400;63854832537581;(-0.188, 1.469, 0.412);(0.014, 0.871, -0.048, -0.488);VALID;(0.000, 0.134, 0.991);(0.000, 0.000, 0.000);61.400;VALID;(0.011, 0.134, 0.991);(-0.031, 0.000, 0.000);0.284;1.833;6.459;VALID;(-0.012, 0.134, 0.991);(0.031, 0.000, 0.000);0.274;1.808;6.592;2;0.7007527
2413007;1000015689384896200;63854832537581;(-0.188, 1.469, 0.412);(0.014, 0.871, -0.048, -0.488);VALID;(0.000, 0.135, 0.991);(0.000, 0.000, 0.000);61.400;VALID;(0.011, 0.135, 0.991);(-0.031, 0.000, 0.000);0.284;1.833;6.459;VALID;(-0.011, 0.135, 0.991);(0.031, 0.000, 0.000);0.274;1.808;6.592;2;0.6986996
2413008;1000015689389915000;63854832537581;(-0.188, 1.469, 0.412);(0.014, 0.871, -0.048, -0.488);VALID;(0.000, 0.137, 0.991);(0.000, 0.000, 0.000);61.400;VALID;(0.011, 0.137, 0.991);(-0.031, 0.000, 0.000);0.284;1.833;6.459;VALID;(-0.011, 0.137, 0.991);(0.031, 0.000, 0.000);0.274;1.809;6.592;2;0.6805565
2413009;1000015689394933800;63854832537582;(-0.188, 1.469, 0.412);(0.014, 0.871, -0.048, -0.488);VALID;(0.000, 0.139, 0.990);(0.000, 0.000, 0.000);61.400;VALID;(0.012, 0.139, 0.990);(-0.031, 0.000, 0.000);0.284;1.833;6.459;VALID;(-0.011, 0.139, 0.990);(0.031, 0.000, 0.000);0.275;1.809;6.592;2;0.6506825
2413010;1000015689399948900;63854832537582;(-0.188, 1.469, 0.412);(0.014, 0.871, -0.048, -0.488);VALID;(0.000, 0.141, 0.990);(0.000, 0.000, 0.000);61.400;VALID;(0.012, 0.141, 0.990);(-0.031, 0.000, 0.000);0.284;1.833;6.459;VALID;(-0.011, 0.141, 0.990);(0.031, 0.000, 0.000);0.275;1.810;6.592;2;0.6615603
2413011;1000015689404943600;63854832537582;(-0.188, 1.469, 0.412);(0.014, 0.871, -0.048, -0.488);VALID;(0.000, 0.143, 0.990);(0.000, 0.000, 0.000);61.400;VALID;(0.012, 0.143, 0.990);(-0.031, 0.000, 0.000);0.284;1.833;6.459;VALID;(-0.011, 0.143, 0.990);(0.031, 0.000, 0.000);0.275;1.811;6.592;2;0.6708922
2413012;1000015689409962400;63854832537582;(-0.188, 1.469, 0.412);(0.014, 0.871, -0.048, -0.488);VALID;(0.000, 0.145, 0.989);(0.000, 0.000, 0.000);61.400;VALID;(0.012, 0.145, 0.989);(-0.031, 0.000, 0.000);0.284;1.833;6.459;VALID;(-0.011, 0.145, 0.989);(0.031, 0.000, 0.000);0.275;1.813;6.592;2;0.7011954
2413013;1000015689414973100;63854832537582;(-0.188, 1.469, 0.412);(0.014, 0.871, -0.048, -0.488);VALID;(0.000, 0.147, 0.989);(0.000, 0.000, 0.000);61.400;VALID;(0.012, 0.147, 0.989);(-0.031, 0.000, 0.000);0.284;1.833;6.459;VALID;(-0.011, 0.147, 0.989);(0.031, 0.000, 0.000);0.275;1.814;6.592;2;0.7335139
2413014;1000015689419991900;63854832537582;(-0.188, 1.469, 0.412);(0.014, 0.871, -0.048, -0.488);VALID;(0.001, 0.149, 0.989);(0.000, 0.000, 0.000);61.400;VALID;(0.012, 0.149, 0.989);(-0.031, 0.000, 0.000);0.284;1.833;6.459;VALID;(-0.011, 0.149, 0.989);(0.031, 0.000, 0.000);0.275;1.815;6.592;2;0.7310022
2413015;1000015689425002600;63854832537582;(-0.188, 1.469, 0.412);(0.014, 0.871, -0.048, -0.488);VALID;(0.001, 0.151, 0.989);(0.000, 0.000, 0.000);61.400;VALID;(0.013, 0.151, 0.988);(-0.031, 0.000, 0.000);0.284;1.833;6.459;VALID;(-0.011, 0.151, 0.988);(0.031, 0.000, 0.000);0.276;1.817;6.592;2;0.7277479
2413016;1000015689430021400;63854832537582;(-0.188, 1.469, 0.412);(0.014, 0.871, -0.048, -0.488);VALID;(0.001, 0.153, 0.988);(0.000, 0.000, 0.000);61.400;VALID;(0.013, 0.153, 0.988);(-0.031, 0.000, 0.000);0.284;1.833;6.459;VALID;(-0.011, 0.153, 0.988);(0.031, 0.000, 0.000);0.276;1.819;6.592;2;0.7274957
2413017;1000015689435032100;63854832537582;(-0.188, 1.469, 0.412);(0.014, 0.871, -0.048, -0.488);VALID;(0.001, 0.154, 0.988);(0.000, 0.000, 0.000);61.400;VALID;(0.013, 0.154, 0.988);(-0.031, 0.000, 0.000);0.284;1.833;6.459;VALID;(-0.011, 0.154, 0.988);(0.031, 0.000, 0.000);0.276;1.820;6.592;2;0.7313116
2413018;1000015689440032500;63854832537582;(-0.188, 1.469, 0.412);(0.014, 0.871, -0.048, -0.488);VALID;(0.002, 0.155, 0.988);(0.000, 0.000, 0.000);61.400;VALID;(0.013, 0.155, 0.988);(-0.031, 0.000, 0.000);0.284;1.834;6.459;VALID;(-0.010, 0.155, 0.988);(0.031, 0.000, 0.000);0.276;1.822;6.592;2;0.7265223
2413019;1000015689445032400;63854832537582;(-0.188, 1.469, 0.412);(0.014, 0.871, -0.048, -0.488);VALID;(0.002, 0.156, 0.988);(0.000, 0.000, 0.000);61.400;VALID;(0.014, 0.156, 0.988);(-0.031, 0.000, 0.000);0.284;1.835;6.459;VALID;(-0.010, 0.156, 0.988);(0.031, 0.000, 0.000);0.277;1.823;6.592;2;0.7352066
2413020;1000015689450043100;63854832537582;(-0.188, 1.469, 0.412);(0.014, 0.871, -0.048, -0.488);VALID;(0.002, 0.157, 0.988);(0.000, 0.000, 0.000);61.400;VALID;(0.014, 0.157, 0.988);(-0.031, 0.000, 0.000);0.284;1.836;6.459;VALID;(-0.009, 0.157, 0.988);(0.031, 0.000, 0.000);0.277;1.824;6.592;2;0.741576
2413021;1000015689455053100;63854832537582;(-0.188, 1.469, 0.412);(0.014, 0.871, -0.048, -0.488);VALID;(0.003, 0.158, 0.988);(0.000, 0.000, 0.000);61.400;VALID;(0.015, 0.158, 0.987);(-0.031, 0.000, 0.000);0.284;1.837;6.459;VALID;(-0.009, 0.158, 0.987);(0.031, 0.000, 0.000);0.277;1.826;6.592;2;0.7474889
2413022;1000015689460055600;63854832537582;(-0.188, 1.469, 0.412);(0.014, 0.871, -0.048, -0.488);VALID;(0.003, 0.158, 0.987);(0.000, 0.000, 0.000);61.400;VALID;(0.015, 0.158, 0.987);(-0.031, 0.000, 0.000);0.285;1.838;6.459;VALID;(-0.008, 0.158, 0.987);(0.031, 0.000, 0.000);0.277;1.828;6.592;2;0.7578124
2413023;1000015689465065600;63854832537582;(-0.188, 1.469, 0.412);(0.014, 0.871, -0.048, -0.488);VALID;(0.004, 0.159, 0.987);(0.000, 0.000, 0.000);61.400;VALID;(0.016, 0.159, 0.987);(-0.031, 0.000, 0.000);0.285;1.840;6.459;VALID;(-0.008, 0.159, 0.987);(0.031, 0.000, 0.000);0.278;1.830;6.592;2;0.7295849
2413024;1000015689470068400;63854832537582;(-0.188, 1.469, 0.412);(0.014, 0.871, -0.048, -0.488);VALID;(0.004, 0.160, 0.987);(0.000, 0.000, 0.000);61.400;VALID;(0.015, 0.160, 0.987);(-0.031, 0.000, 0.000);0.286;1.846;6.459;VALID;(-0.008, 0.160, 0.987);(0.031, 0.000, 0.000);0.279;1.842;6.592;2;0.5957919
2413025;1000015689475139400;63854832537582;(-0.188, 1.469, 0.412);(0.014, 0.871, -0.048, -0.488);VALID;(0.002, 0.158, 0.987);(0.000, 0.000, 0.000);61.400;VALID;(0.014, 0.158, 0.987);(-0.031, 0.000, 0.000);0.288;1.857;6.459;VALID;(-0.010, 0.158, 0.987);(0.031, 0.000, 0.000);0.287;1.889;6.592;2;0.05651763
2413026;1000015689480142200;63854832537582;(-0.188, 1.469, 0.412);(0.014, 0.871, -0.048, -0.488);VALID;(-0.004, 0.155, 0.988);(0.000, 0.000, 0.000);61.400;VALID;(0.009, 0.155, 0.988);(-0.031, 0.000, 0.000);0.290;1.870;6.459;VALID;(-0.017, 0.155, 0.988);(0.031, 0.000, 0.000);0.291;1.921;6.592;2;0
2413027;1000015689485108200;63854832537582;(-0.188, 1.469, 0.412);(0.014, 0.871, -0.048, -0.488);VALID;(-0.018, 0.153, 0.988);(0.000, 0.000, 0.000);61.400;VALID;(-0.002, 0.153, 0.988);(-0.031, 0.000, 0.000);0.292;1.887;6.459;VALID;(-0.034, 0.153, 0.988);(0.031, 0.000, 0.000);0.292;1.926;6.592;2;0
2413028;1000015689490110600;63854832537582;(-0.188, 1.469, 0.412);(0.014, 0.871, -0.048, -0.488);VALID;(-0.041, 0.143, 0.989);(0.000, 0.000, 0.000);61.400;VALID;(-0.023, 0.143, 0.989);(-0.031, 0.000, 0.000);0.293;1.894;6.459;VALID;(-0.060, 0.143, 0.988);(0.031, 0.000, 0.000);0.292;1.924;6.592;2;0
2413029;1000015689495119800;63854832537582;(-0.188, 1.469, 0.412);(0.014, 0.871, -0.048, -0.488);VALID;(-0.071, 0.124, 0.990);(0.000, 0.000, 0.000);61.400;VALID;(-0.049, 0.124, 0.991);(-0.031, 0.000, 0.000);0.295;1.905;6.459;VALID;(-0.092, 0.124, 0.988);(0.031, 0.000, 0.000);0.292;1.925;6.592;2;0
2413030;1000015689500120400;63854832537582;(-0.188, 1.469, 0.412);(0.014, 0.871, -0.048, -0.488);VALID;(-0.100, 0.096, 0.990);(0.000, 0.000, 0.000);61.400;VALID;(-0.076, 0.096, 0.992);(-0.031, 0.000, 0.000);0.295;1.907;6.459;VALID;(-0.124, 0.096, 0.988);(0.031, 0.000, 0.000);0.292;1.926;6.592;2;0
2413031;1000015689505132300;63854832537582;(-0.188, 1.469, 0.412);(0.014, 0.871, -0.048, -0.488);VALID;(-0.128, 0.062, 0.990);(0.000, 0.000, 0.000);61.400;VALID;(-0.103, 0.062, 0.993);(-0.031, 0.000, 0.000);0.296;1.909;6.459;VALID;(-0.154, 0.062, 0.986);(0.031, 0.000, 0.000);0.292;1.926;6.592;2;0
2413032;1000015689510150300;63854832537582;(-0.188, 1.469, 0.412);(0.014, 0.871, -0.048, -0.488);VALID;(-0.158, 0.032, 0.987);(0.000, 0.000, 0.000);61.400;VALID;(-0.129, 0.032, 0.991);(-0.031, 0.000, 0.000);0.296;1.909;6.459;VALID;(-0.188, 0.032, 0.982);(0.031, 0.000, 0.000);0.291;1.920;6.592;1.01691;0
2413033;1000015689515150400;63854832537582;(-0.188, 1.469, 0.412);(0.014, 0.871, -0.048, -0.488);VALID;(-0.186, 0.001, 0.983);(0.000, 0.000, 0.000);61.400;VALID;(-0.157, 0.001, 0.988);(-0.031, 0.000, 0.000);0.296;1.914;6.459;VALID;(-0.215, 0.001, 0.977);(0.031, 0.000, 0.000);0.292;1.922;6.592;1.024065;0
2413034;1000015689520187700;63854832537582;(-0.188, 1.469, 0.412);(0.014, 0.871, -0.048, -0.488);VALID;(-0.212, -0.025, 0.977);(0.000, 0.000, 0.000);61.400;VALID;(-0.181, -0.025, 0.983);(-0.031, 0.000, 0.000);0.297;1.920;6.459;VALID;(-0.246, -0.024, 0.969);(0.031, 0.000, 0.000);0.293;1.933;6.592;0.8959926;0
2413035;1000015689525187800;63854832537582;(-0.188, 1.469, 0.412);(0.014, 0.871, -0.048, -0.488);VALID;(-0.233, -0.047, 0.971);(0.000, 0.000, 0.000);61.400;VALID;(-0.201, -0.048, 0.978);(-0.031, 0.000, 0.000);0.298;1.923;6.459;VALID;(-0.273, -0.047, 0.961);(0.031, 0.000, 0.000);0.295;1.943;6.592;0.8074805;0
